2017-06-23,1.0000,1.0000,0%,封闭期,封闭期
2017-06-30,1.0002,1.0002,0%,封闭期,封闭期
2017-07-07,1.0008,1.0008,0%,封闭期,封闭期
2017-07-14,1.0010,1.0010,0%,封闭期,封闭期
2017-07-21,1.0014,1.0014,0%,封闭期,封闭期
2017-07-28,1.0017,1.0017,0%,封闭期,封闭期
2017-08-04,1.0021,1.0021,0%,封闭期,封闭期
2017-08-11,1.0024,1.0024,0%,封闭期,封闭期
2017-08-18,1.0027,1.0027,0%,封闭期,封闭期
2017-08-25,1.0032,1.0032,0%,封闭期,封闭期
2017-09-01,1.0038,1.0038,0%,封闭期,封闭期
2017-09-08,1.0042,1.0042,0%,封闭期,封闭期
2017-09-15,1.0046,1.0046,0%,封闭期,封闭期
2017-09-22,1.0050,1.0050,0%,封闭期,封闭期
2017-09-29,1.0056,1.0056,0%,封闭期,封闭期
2017-10-13,1.0073,1.0073,0%,封闭期,封闭期
2017-10-20,1.0075,1.0075,0%,封闭期,封闭期
2017-10-27,1.0077,1.0077,0%,封闭期,封闭期
2017-11-03,1.0083,1.0083,0%,封闭期,封闭期
2017-11-10,1.0085,1.0085,0%,封闭期,封闭期
2017-11-17,1.0089,1.0089,0%,封闭期,封闭期
2017-11-24,1.0088,1.0088,0%,封闭期,封闭期
2017-12-01,1.0094,1.0094,0%,封闭期,封闭期
2017-12-08,1.0099,1.0099,0%,封闭期,封闭期
2017-12-11,1.0101,1.0101,0.02%,封闭期,封闭期
2017-12-12,1.0101,1.0101,0.00%,封闭期,开放赎回
2017-12-13,1.0100,1.0100,-0.01%,封闭期,开放赎回
2017-12-14,1.0100,1.0100,0.00%,封闭期,开放赎回
2017-12-15,1.0100,1.0100,0.00%,封闭期,开放赎回
2017-12-18,1.0103,1.0103,0.03%,封闭期,开放赎回
2017-12-19,1.0103,1.0103,0.00%,封闭期,开放赎回
2017-12-20,1.0104,1.0104,0.01%,封闭期,开放赎回
2017-12-21,1.0104,1.0104,0.00%,封闭期,开放赎回
2017-12-22,1.0105,1.0105,0.01%,封闭期,开放赎回
2017-12-25,1.0108,1.0108,0.03%,封闭期,开放赎回
2017-12-26,1.0112,1.0112,0.04%,封闭期,开放赎回
2017-12-27,1.0103,1.0103,-0.09%,封闭期,开放赎回
2017-12-28,1.0104,1.0104,0.01%,封闭期,开放赎回
2017-12-29,1.0113,1.0113,0.09%,封闭期,开放赎回
2017-12-31,1.0115,1.0115,0%,封闭期,开放赎回
2018-01-02,1.0129,1.0129,0.16%,封闭期,开放赎回
2018-01-03,1.0138,1.0138,0.09%,封闭期,开放赎回
2018-01-04,1.0137,1.0137,-0.01%,封闭期,开放赎回
2018-01-05,1.0133,1.0133,-0.04%,封闭期,开放赎回
2018-01-08,1.0128,1.0128,-0.05%,封闭期,开放赎回
2018-01-09,1.0127,1.0127,-0.01%,封闭期,开放赎回
2018-01-10,1.0128,1.0128,0.01%,开放申购,开放赎回
2018-01-11,1.0133,1.0133,0.05%,开放申购,开放赎回
2018-01-12,1.0127,1.0127,-0.06%,开放申购,开放赎回
2018-01-15,1.0082,1.0082,-0.44%,开放申购,开放赎回
2018-01-16,1.0104,1.0104,0.22%,开放申购,开放赎回
2018-01-17,1.0097,1.0097,-0.07%,开放申购,开放赎回
2018-01-18,1.0130,1.0130,0.33%,开放申购,开放赎回
2018-01-19,1.0109,1.0109,-0.21%,开放申购,开放赎回
2018-01-22,1.0189,1.0189,0.79%,开放申购,开放赎回
2018-01-23,1.0253,1.0253,0.63%,开放申购,开放赎回
2018-01-24,1.0285,1.0285,0.31%,开放申购,开放赎回
2018-01-25,1.0247,1.0247,-0.37%,开放申购,开放赎回
2018-01-26,1.0265,1.0265,0.18%,开放申购,开放赎回
2018-01-29,1.0124,1.0124,-1.37%,开放申购,开放赎回
2018-01-30,1.0053,1.0053,-0.70%,开放申购,开放赎回
2018-01-31,1.0061,1.0061,0.08%,开放申购,开放赎回
2018-02-01,1.0036,1.0036,-0.25%,开放申购,开放赎回
2018-02-02,1.0070,1.0070,0.34%,开放申购,开放赎回
2018-02-05,1.0083,1.0083,0.13%,开放申购,开放赎回
2018-02-06,0.9832,0.9832,-2.49%,开放申购,开放赎回
2018-02-07,0.9593,0.9593,-2.43%,开放申购,开放赎回
2018-02-08,0.9556,0.9556,-0.39%,开放申购,开放赎回
2018-02-09,0.9253,0.9253,-3.17%,开放申购,开放赎回
2018-02-12,0.9422,0.9422,1.83%,开放申购,开放赎回
2018-02-13,0.9525,0.9525,1.09%,开放申购,开放赎回
2018-02-14,0.9586,0.9586,0.64%,开放申购,开放赎回
2018-02-22,0.9800,0.9800,2.23%,开放申购,开放赎回
2018-02-23,0.9825,0.9825,0.26%,开放申购,开放赎回
2018-02-26,0.9913,0.9913,0.90%,开放申购,开放赎回
2018-02-27,0.9769,0.9769,-1.45%,开放申购,开放赎回
2018-02-28,0.9722,0.9722,-0.48%,开放申购,开放赎回
2018-03-01,0.9780,0.9780,0.60%,开放申购,开放赎回
2018-03-02,0.9714,0.9714,-0.67%,开放申购,开放赎回
2018-03-05,0.9728,0.9728,0.14%,开放申购,开放赎回
2018-03-06,0.9800,0.9800,0.74%,开放申购,开放赎回
2018-03-07,0.9782,0.9782,-0.18%,开放申购,开放赎回
2018-03-08,0.9808,0.9808,0.27%,开放申购,开放赎回
2018-03-09,0.9904,0.9904,0.98%,开放申购,开放赎回
2018-03-12,1.0016,1.0016,1.13%,开放申购,开放赎回
2018-03-13,0.9932,0.9932,-0.84%,开放申购,开放赎回
2018-03-14,0.9859,0.9859,-0.74%,开放申购,开放赎回
2018-03-15,0.9915,0.9915,0.57%,开放申购,开放赎回
2018-03-16,0.9835,0.9835,-0.81%,开放申购,开放赎回
2018-03-19,0.9905,0.9905,0.71%,开放申购,开放赎回
2018-03-20,0.9924,0.9924,0.19%,开放申购,开放赎回
2018-03-21,0.9831,0.9831,-0.94%,开放申购,开放赎回
2018-03-22,0.9747,0.9747,-0.85%,开放申购,开放赎回
2018-03-23,0.9492,0.9492,-2.62%,开放申购,开放赎回
2018-03-26,0.9564,0.9564,0.76%,开放申购,开放赎回
2018-03-27,0.9696,0.9696,1.38%,开放申购,开放赎回
2018-03-28,0.9565,0.9565,-1.35%,开放申购,开放赎回
2018-03-29,0.9625,0.9625,0.63%,开放申购,开放赎回
2018-03-30,0.9713,0.9713,0.91%,开放申购,开放赎回
2018-04-02,0.9681,0.9681,-0.33%,开放申购,开放赎回
2018-04-03,0.9641,0.9641,-0.41%,开放申购,开放赎回
2018-04-04,0.9581,0.9581,-0.62%,开放申购,开放赎回
2018-04-09,0.9574,0.9574,-0.07%,开放申购,开放赎回
2018-04-10,0.9675,0.9675,1.05%,开放申购,开放赎回
2018-04-11,0.9727,0.9727,0.54%,开放申购,开放赎回
2018-04-12,0.9636,0.9636,-0.94%,开放申购,开放赎回
2018-04-13,0.9594,0.9594,-0.44%,开放申购,开放赎回
2018-04-16,0.9570,0.9570,-0.25%,开放申购,开放赎回
2018-04-17,0.9396,0.9396,-1.82%,开放申购,开放赎回
2018-04-18,0.9504,0.9504,1.15%,开放申购,开放赎回
2018-04-19,0.9519,0.9519,0.16%,开放申购,开放赎回
2018-04-20,0.9420,0.9420,-1.04%,开放申购,开放赎回
2018-04-23,0.9330,0.9330,-0.96%,开放申购,开放赎回
2018-04-24,0.9510,0.9510,1.93%,开放申购,开放赎回
2018-04-25,0.9533,0.9533,0.24%,开放申购,开放赎回
2018-04-26,0.9440,0.9440,-0.98%,开放申购,开放赎回
2018-04-27,0.9485,0.9485,0.48%,开放申购,开放赎回
2018-05-02,0.9507,0.9507,0.23%,开放申购,开放赎回
2018-05-03,0.9549,0.9549,0.44%,开放申购,开放赎回
2018-05-04,0.9538,0.9538,-0.12%,开放申购,开放赎回
2018-05-07,0.9678,0.9678,1.47%,开放申购,开放赎回
2018-05-08,0.9728,0.9728,0.52%,开放申购,开放赎回
2018-05-09,0.9717,0.9717,-0.11%,开放申购,开放赎回
2018-05-10,0.9722,0.9722,0.05%,开放申购,开放赎回
2018-05-11,0.9669,0.9669,-0.55%,开放申购,开放赎回
2018-05-14,0.9659,0.9659,-0.10%,开放申购,开放赎回
2018-05-15,0.9734,0.9734,0.78%,开放申购,开放赎回
2018-05-16,0.9711,0.9711,-0.24%,开放申购,开放赎回
2018-05-17,0.9640,0.9640,-0.73%,开放申购,开放赎回
2018-05-18,0.9692,0.9692,0.54%,开放申购,开放赎回
2018-05-21,0.9746,0.9746,0.56%,开放申购,开放赎回
2018-05-22,0.9740,0.9740,-0.06%,开放申购,开放赎回
2018-05-23,0.9684,0.9684,-0.57%,开放申购,开放赎回
2018-05-24,0.9644,0.9644,-0.41%,开放申购,开放赎回
2018-05-25,0.9594,0.9594,-0.52%,开放申购,开放赎回
2018-05-28,0.9591,0.9591,-0.03%,开放申购,开放赎回
2018-05-29,0.9519,0.9519,-0.75%,开放申购,开放赎回
2018-05-30,0.9413,0.9413,-1.11%,开放申购,开放赎回
2018-05-31,0.9499,0.9499,0.91%,开放申购,开放赎回
2018-06-01,0.9420,0.9420,-0.83%,开放申购,开放赎回
2018-06-04,0.9449,0.9449,0.31%,开放申购,开放赎回
2018-06-05,0.9581,0.9581,1.40%,开放申购,开放赎回
2018-06-06,0.9598,0.9598,0.18%,开放申购,开放赎回
2018-06-07,0.9556,0.9556,-0.44%,开放申购,开放赎回
2018-06-08,0.9498,0.9498,-0.61%,开放申购,开放赎回
2018-06-11,0.9462,0.9462,-0.38%,开放申购,开放赎回
2018-06-12,0.9553,0.9553,0.96%,开放申购,开放赎回
2018-06-13,0.9468,0.9468,-0.89%,开放申购,开放赎回
2018-06-14,0.9434,0.9434,-0.36%,开放申购,开放赎回
2018-06-15,0.9358,0.9358,-0.81%,开放申购,开放赎回
2018-06-19,0.9081,0.9081,-2.96%,开放申购,开放赎回
2018-06-20,0.9131,0.9131,0.55%,开放申购,开放赎回
2018-06-21,0.9015,0.9015,-1.27%,开放申购,开放赎回
2018-06-22,0.9099,0.9099,0.93%,开放申购,开放赎回
2018-06-25,0.9006,0.9006,-1.02%,开放申购,开放赎回
2018-06-26,0.9051,0.9051,0.50%,开放申购,开放赎回
2018-06-27,0.8986,0.8986,-0.72%,开放申购,开放赎回
2018-06-28,0.8911,0.8911,-0.83%,开放申购,开放赎回
2018-06-29,0.9139,0.9139,2.56%,开放申购,开放赎回
2018-06-30,0.9139,0.9139,0%,开放申购,开放赎回
2018-07-02,0.8977,0.8977,-1.77%,开放申购,开放赎回
2018-07-03,0.9032,0.9032,0.61%,开放申购,开放赎回
2018-07-04,0.8931,0.8931,-1.12%,开放申购,开放赎回
2018-07-05,0.8872,0.8872,-0.66%,开放申购,开放赎回
2018-07-06,0.8915,0.8915,0.48%,开放申购,开放赎回
2018-07-09,0.9103,0.9103,2.11%,开放申购,开放赎回
2018-07-10,0.9138,0.9138,0.38%,开放申购,开放赎回
2018-07-11,0.8996,0.8996,-1.55%,开放申购,开放赎回
2018-07-12,0.9181,0.9181,2.06%,开放申购,开放赎回
2018-07-13,0.9200,0.9200,0.21%,开放申购,开放赎回
2018-07-16,0.9170,0.9170,-0.33%,开放申购,开放赎回
2018-07-17,0.9134,0.9134,-0.39%,开放申购,开放赎回
2018-07-18,0.9081,0.9081,-0.58%,开放申购,开放赎回
2018-07-19,0.9031,0.9031,-0.55%,开放申购,开放赎回
2018-07-20,0.9220,0.9220,2.09%,开放申购,开放赎回
2018-07-23,0.9447,0.9447,2.46%,开放申购,开放赎回
2018-07-24,0.9532,0.9532,0.90%,开放申购,开放赎回
2018-07-25,0.9542,0.9542,0.10%,开放申购,开放赎回
2018-07-26,0.9406,0.9406,-1.43%,开放申购,开放赎回
2018-07-27,0.9384,0.9384,-0.23%,开放申购,开放赎回
2018-07-30,0.9401,0.9401,0.18%,开放申购,开放赎回
2018-07-31,0.9419,0.9419,0.19%,开放申购,开放赎回
2018-08-01,0.9226,0.9226,-2.05%,开放申购,开放赎回
2018-08-02,0.9047,0.9047,-1.94%,开放申购,开放赎回
2018-08-03,0.8960,0.8960,-0.96%,开放申购,开放赎回
2018-08-06,0.8895,0.8895,-0.73%,开放申购,开放赎回
2018-08-07,0.9077,0.9077,2.05%,开放申购,开放赎回
2018-08-08,0.8939,0.8939,-1.52%,开放申购,开放赎回
2018-08-09,0.9106,0.9106,1.87%,开放申购,开放赎回
2018-08-10,0.9139,0.9139,0.36%,开放申购,开放赎回
2018-08-13,0.9168,0.9168,0.32%,开放申购,开放赎回
2018-08-14,0.9086,0.9086,-0.89%,开放申购,开放赎回
2018-08-15,0.8909,0.8909,-1.95%,开放申购,开放赎回
2018-08-16,0.8884,0.8884,-0.28%,开放申购,开放赎回
2018-08-17,0.8811,0.8811,-0.82%,开放申购,开放赎回
2018-08-20,0.8947,0.8947,1.54%,开放申购,开放赎回
2018-08-21,0.9058,0.9058,1.24%,开放申购,开放赎回
2018-08-22,0.8985,0.8985,-0.81%,开放申购,开放赎回
2018-08-23,0.9017,0.9017,0.36%,开放申购,开放赎回
2018-08-24,0.9017,0.9017,0.00%,开放申购,开放赎回
2018-08-27,0.9223,0.9223,2.28%,开放申购,开放赎回
2018-08-28,0.9253,0.9253,0.33%,开放申购,开放赎回
2018-08-29,0.9204,0.9204,-0.53%,开放申购,开放赎回
2018-08-30,0.9086,0.9086,-1.28%,开放申购,开放赎回
2018-08-31,0.9047,0.9047,-0.43%,开放申购,开放赎回
2018-09-03,0.9075,0.9075,0.31%,开放申购,开放赎回
2018-09-04,0.9171,0.9171,1.06%,开放申购,开放赎回
2018-09-05,0.9019,0.9019,-1.66%,开放申购,开放赎回
2018-09-06,0.8982,0.8982,-0.41%,开放申购,开放赎回
2018-09-07,0.8956,0.8956,-0.29%,开放申购,开放赎回
2018-09-10,0.8829,0.8829,-1.42%,开放申购,开放赎回
2018-09-11,0.8810,0.8810,-0.22%,开放申购,开放赎回
2018-09-12,0.8780,0.8780,-0.34%,开放申购,开放赎回
2018-09-13,0.8834,0.8834,0.62%,开放申购,开放赎回
2018-09-14,0.8737,0.8737,-1.10%,开放申购,开放赎回
2018-09-17,0.8644,0.8644,-1.06%,开放申购,开放赎回
2018-09-18,0.8793,0.8793,1.72%,开放申购,开放赎回
2018-09-19,0.8902,0.8902,1.24%,开放申购,开放赎回
2018-09-20,0.8858,0.8858,-0.49%,开放申购,开放赎回
2018-09-21,0.9064,0.9064,2.33%,开放申购,开放赎回
2018-09-25,0.9017,0.9017,-0.52%,开放申购,开放赎回
2018-09-26,0.9067,0.9067,0.55%,开放申购,开放赎回
2018-09-27,0.8994,0.8994,-0.81%,开放申购,开放赎回
2018-09-28,0.9045,0.9045,0.57%,开放申购,开放赎回
2018-10-08,0.8703,0.8703,-3.78%,开放申购,开放赎回
2018-10-09,0.8634,0.8634,-0.79%,开放申购,开放赎回
2018-10-10,0.8662,0.8662,0.32%,开放申购,开放赎回
2018-10-11,0.8197,0.8197,-5.37%,开放申购,开放赎回
2018-10-12,0.8289,0.8289,1.12%,开放申购,开放赎回
2018-10-15,0.8184,0.8184,-1.27%,开放申购,开放赎回
2018-10-16,0.8080,0.8080,-1.27%,开放申购,开放赎回
2018-10-17,0.8136,0.8136,0.69%,开放申购,开放赎回
2018-10-18,0.7968,0.7968,-2.06%,开放申购,开放赎回
2018-10-19,0.8175,0.8175,2.60%,开放申购,开放赎回
2018-10-22,0.8592,0.8592,5.10%,开放申购,开放赎回
2018-10-23,0.8436,0.8436,-1.82%,开放申购,开放赎回
2018-10-24,0.8449,0.8449,0.15%,开放申购,开放赎回
2018-10-25,0.8420,0.8420,-0.34%,开放申购,开放赎回
2018-10-26,0.8377,0.8377,-0.51%,开放申购,开放赎回
2018-10-29,0.8262,0.8262,-1.37%,开放申购,开放赎回
2018-10-30,0.8309,0.8309,0.57%,开放申购,开放赎回
2018-10-31,0.8415,0.8415,1.28%,开放申购,开放赎回
2018-11-01,0.8485,0.8485,0.83%,开放申购,开放赎回
2018-11-02,0.8747,0.8747,3.09%,开放申购,开放赎回
2018-11-05,0.8704,0.8704,-0.49%,开放申购,开放赎回
2018-11-06,0.8677,0.8677,-0.31%,开放申购,开放赎回
2018-11-07,0.8643,0.8643,-0.39%,开放申购,开放赎回
2018-11-08,0.8527,0.8527,-1.34%,开放申购,开放赎回
2018-11-09,0.8511,0.8511,-0.19%,开放申购,开放赎回
2018-11-12,0.8675,0.8675,1.93%,开放申购,开放赎回
2018-11-13,0.8754,0.8754,0.91%,开放申购,开放赎回
2018-11-14,0.8724,0.8724,-0.34%,开放申购,开放赎回
2018-11-15,0.8851,0.8851,1.46%,开放申购,开放赎回
2018-11-16,0.8913,0.8913,0.70%,开放申购,开放赎回
2018-11-19,0.8940,0.8940,0.30%,开放申购,开放赎回
2018-11-20,0.8729,0.8729,-2.36%,开放申购,开放赎回
2018-11-21,0.8718,0.8718,-0.13%,开放申购,开放赎回
2018-11-22,0.8707,0.8707,-0.13%,开放申购,开放赎回
2018-11-23,0.8472,0.8472,-2.70%,开放申购,开放赎回
2018-11-26,0.8446,0.8446,-0.31%,开放申购,开放赎回
2018-11-27,0.8451,0.8451,0.06%,开放申购,开放赎回
2018-11-28,0.8529,0.8529,0.92%,开放申购,开放赎回
2018-11-29,0.8405,0.8405,-1.45%,开放申购,开放赎回
2018-11-30,0.8460,0.8460,0.65%,开放申购,开放赎回
2018-12-03,0.8736,0.8736,3.26%,开放申购,开放赎回
2018-12-04,0.8780,0.8780,0.50%,开放申购,开放赎回
2018-12-05,0.8743,0.8743,-0.42%,开放申购,开放赎回
2018-12-06,0.8548,0.8548,-2.23%,开放申购,开放赎回
2018-12-07,0.8544,0.8544,-0.05%,开放申购,开放赎回
2018-12-10,0.8444,0.8444,-1.17%,开放申购,开放赎回
2018-12-11,0.8514,0.8514,0.83%,开放申购,开放赎回
2018-12-12,0.8527,0.8527,0.15%,开放申购,开放赎回
2018-12-13,0.8630,0.8630,1.21%,开放申购,开放赎回
2018-12-14,0.8449,0.8449,-2.10%,开放申购,开放赎回
2018-12-17,0.8456,0.8456,0.08%,开放申购,开放赎回
2018-12-18,0.8377,0.8377,-0.93%,开放申购,开放赎回
2018-12-19,0.8254,0.8254,-1.47%,开放申购,开放赎回
2018-12-20,0.8262,0.8262,0.10%,开放申购,开放赎回
2018-12-21,0.8232,0.8232,-0.36%,开放申购,开放赎回
2018-12-24,0.8315,0.8315,1.01%,开放申购,开放赎回
2018-12-25,0.8254,0.8254,-0.73%,开放申购,开放赎回
2018-12-26,0.8191,0.8191,-0.76%,开放申购,开放赎回
2018-12-27,0.8080,0.8080,-1.36%,开放申购,开放赎回
2018-12-28,0.8070,0.8070,-0.12%,开放申购,开放赎回
2018-12-31,0.8069,0.8069,0%,开放申购,开放赎回
2019-01-02,0.8011,0.8011,-0.73%,开放申购,开放赎回
2019-01-03,0.7906,0.7906,-1.31%,开放申购,开放赎回
2019-01-04,0.8002,0.8002,1.21%,开放申购,开放赎回
2019-01-07,0.8117,0.8117,1.44%,开放申购,开放赎回
2019-01-08,0.8086,0.8086,-0.38%,开放申购,开放赎回
2019-01-09,0.8089,0.8089,0.04%,开放申购,开放赎回
2019-01-10,0.8059,0.8059,-0.37%,开放申购,开放赎回
2019-01-11,0.8104,0.8104,0.56%,开放申购,开放赎回
2019-01-14,0.8016,0.8016,-1.09%,开放申购,开放赎回
2019-01-15,0.8150,0.8150,1.67%,开放申购,开放赎回
2019-01-16,0.8134,0.8134,-0.20%,开放申购,开放赎回
2019-01-17,0.8045,0.8045,-1.09%,开放申购,开放赎回
2019-01-18,0.8104,0.8104,0.73%,开放申购,开放赎回
2019-01-21,0.8195,0.8195,1.12%,开放申购,开放赎回
2019-01-22,0.8088,0.8088,-1.31%,开放申购,开放赎回
2019-01-23,0.8073,0.8073,-0.19%,开放申购,开放赎回
2019-01-24,0.8115,0.8115,0.52%,开放申购,开放赎回
2019-01-25,0.8119,0.8119,0.05%,开放申购,开放赎回
2019-01-28,0.8095,0.8095,-0.30%,开放申购,开放赎回
2019-01-29,0.8025,0.8025,-0.86%,开放申购,开放赎回
2019-01-30,0.7923,0.7923,-1.27%,开放申购,开放赎回
2019-01-31,0.7871,0.7871,-0.66%,开放申购,开放赎回
2019-02-01,0.8026,0.8026,1.97%,开放申购,开放赎回
2019-02-11,0.8267,0.8267,3.00%,开放申购,开放赎回
2019-02-12,0.8335,0.8335,0.82%,开放申购,开放赎回
2019-02-13,0.8476,0.8476,1.69%,开放申购,开放赎回
2019-02-14,0.8491,0.8491,0.18%,开放申购,开放赎回
2019-02-15,0.8437,0.8437,-0.64%,开放申购,开放赎回
2019-02-18,0.8719,0.8719,3.34%,开放申购,开放赎回
2019-02-19,0.8771,0.8771,0.60%,开放申购,开放赎回
2019-02-20,0.8733,0.8733,-0.43%,开放申购,开放赎回
2019-02-21,0.8687,0.8687,-0.53%,开放申购,开放赎回
2019-02-22,0.8825,0.8825,1.59%,开放申购,开放赎回
2019-02-25,0.9289,0.9289,5.26%,开放申购,开放赎回
2019-02-26,0.9195,0.9195,-1.01%,开放申购,开放赎回
2019-02-27,0.9102,0.9102,-1.01%,开放申购,开放赎回
2019-02-28,0.9156,0.9156,0.59%,开放申购,开放赎回
2019-03-01,0.9177,0.9177,0.23%,开放申购,开放赎回
2019-03-04,0.9325,0.9325,1.61%,开放申购,开放赎回
2019-03-05,0.9592,0.9592,2.86%,开放申购,开放赎回
2019-03-06,0.9732,0.9732,1.46%,开放申购,开放赎回
2019-03-07,0.9811,0.9811,0.81%,开放申购,开放赎回
2019-03-08,0.9605,0.9605,-2.10%,开放申购,开放赎回
2019-03-11,0.9976,0.9976,3.86%,开放申购,开放赎回
2019-03-12,1.0185,1.0185,2.10%,开放申购,开放赎回
2019-03-13,0.9853,0.9853,-3.26%,开放申购,开放赎回
2019-03-14,0.9598,0.9598,-2.59%,开放申购,开放赎回
2019-03-15,0.9695,0.9695,1.01%,开放申购,开放赎回
2019-03-18,1.0000,1.0000,3.15%,开放申购,开放赎回
2019-03-19,1.0058,1.0058,0.58%,开放申购,开放赎回
2019-03-20,1.0022,1.0022,-0.36%,开放申购,开放赎回
2019-03-21,1.0131,1.0131,1.09%,开放申购,开放赎回
2019-03-22,1.0158,1.0158,0.27%,开放申购,开放赎回
2019-03-25,1.0091,1.0091,-0.66%,开放申购,开放赎回
2019-03-26,0.9805,0.9805,-2.83%,开放申购,开放赎回
2019-03-27,0.9839,0.9839,0.35%,开放申购,开放赎回
2019-03-28,0.9838,0.9838,-0.01%,开放申购,开放赎回
2019-03-29,1.0225,1.0225,3.93%,开放申购,开放赎回
2019-04-01,1.0597,1.0597,3.64%,开放申购,开放赎回
2019-04-02,1.0674,1.0674,0.73%,开放申购,开放赎回
2019-04-03,1.0846,1.0846,1.61%,开放申购,开放赎回
2019-04-04,1.1026,1.1026,1.66%,开放申购,开放赎回
2019-04-08,1.0897,1.0897,-1.17%,开放申购,开放赎回
2019-04-09,1.0847,1.0847,-0.46%,开放申购,开放赎回
2019-04-10,1.0844,1.0844,-0.03%,开放申购,开放赎回
2019-04-11,1.0552,1.0552,-2.69%,开放申购,开放赎回
2019-04-12,1.0529,1.0529,-0.22%,开放申购,开放赎回
2019-04-15,1.0457,1.0457,-0.68%,开放申购,开放赎回
2019-04-16,1.0574,1.0574,1.12%,开放申购,开放赎回
2019-04-17,1.0592,1.0592,0.17%,开放申购,开放赎回
2019-04-18,1.0500,1.0500,-0.87%,开放申购,开放赎回
2019-04-19,1.0521,1.0521,0.20%,开放申购,开放赎回
2019-04-22,1.0354,1.0354,-1.59%,开放申购,开放赎回
2019-04-23,1.0276,1.0276,-0.75%,开放申购,开放赎回
2019-04-24,1.0407,1.0407,1.27%,开放申购,开放赎回
2019-04-25,1.0001,1.0001,-3.90%,开放申购,开放赎回
2019-04-26,0.9958,0.9958,-0.43%,开放申购,开放赎回
2019-04-29,0.9758,0.9758,-2.01%,开放申购,开放赎回
2019-04-30,0.9802,0.9802,0.45%,开放申购,开放赎回
2019-05-06,0.9105,0.9105,-7.11%,开放申购,开放赎回
2019-05-07,0.9219,0.9219,1.25%,开放申购,开放赎回
2019-05-08,0.9157,0.9157,-0.67%,开放申购,开放赎回
2019-05-09,0.9102,0.9102,-0.60%,开放申购,开放赎回
2019-05-10,0.9445,0.9445,3.77%,开放申购,开放赎回
2019-05-13,0.9306,0.9306,-1.47%,开放申购,开放赎回
2019-05-14,0.9271,0.9271,-0.38%,开放申购,开放赎回
2019-05-15,0.9413,0.9413,1.53%,开放申购,开放赎回
2019-05-16,0.9434,0.9434,0.22%,开放申购,开放赎回
2019-05-17,0.9159,0.9159,-2.92%,开放申购,开放赎回
2019-05-20,0.9155,0.9155,-0.04%,开放申购,开放赎回
2019-05-21,0.9338,0.9338,2.00%,开放申购,开放赎回
2019-05-22,0.9377,0.9377,0.42%,开放申购,开放赎回
2019-05-23,0.9189,0.9189,-2.00%,开放申购,开放赎回
2019-05-24,0.9109,0.9109,-0.87%,开放申购,开放赎回
2019-05-27,0.9356,0.9356,2.71%,开放申购,开放赎回
2019-05-28,0.9334,0.9334,-0.24%,开放申购,开放赎回
2019-05-29,0.9315,0.9315,-0.20%,开放申购,开放赎回
2019-05-30,0.9217,0.9217,-1.05%,开放申购,开放赎回
2019-05-31,0.9252,0.9252,0.38%,开放申购,开放赎回
2019-06-03,0.9104,0.9104,-1.60%,开放申购,开放赎回
2019-06-04,0.9020,0.9020,-0.92%,开放申购,开放赎回
2019-06-05,0.9033,0.9033,0.14%,开放申购,开放赎回
2019-06-06,0.8878,0.8878,-1.72%,开放申购,开放赎回
2019-06-10,0.8961,0.8961,0.93%,开放申购,开放赎回
2019-06-11,0.9225,0.9225,2.95%,开放申购,开放赎回
2019-06-12,0.9153,0.9153,-0.78%,开放申购,开放赎回
2019-06-13,0.9182,0.9182,0.32%,开放申购,开放赎回
2019-06-14,0.8994,0.8994,-2.05%,开放申购,开放赎回
2019-06-17,0.8934,0.8934,-0.67%,开放申购,开放赎回
2019-06-18,0.8975,0.8975,0.46%,开放申购,开放赎回
2019-06-19,0.9127,0.9127,1.69%,开放申购,开放赎回
2019-06-20,0.9321,0.9321,2.13%,开放申购,开放赎回
2019-06-21,0.9475,0.9475,1.65%,开放申购,开放赎回
2019-06-24,0.9476,0.9476,0.01%,开放申购,开放赎回
2019-06-25,0.9377,0.9377,-1.04%,开放申购,开放赎回
2019-06-26,0.9439,0.9439,0.66%,开放申购,开放赎回
2019-06-27,0.9542,0.9542,1.09%,开放申购,开放赎回
2019-06-28,0.9465,0.9465,-0.81%,开放申购,开放赎回
2019-06-30,0.9464,0.9464,0%,开放申购,开放赎回
2019-07-01,0.9744,0.9744,2.95%,开放申购,开放赎回
2019-07-02,0.9751,0.9751,0.07%,开放申购,开放赎回
2019-07-03,0.9659,0.9659,-0.94%,开放申购,开放赎回
2019-07-04,0.9622,0.9622,-0.38%,开放申购,开放赎回
2019-07-05,0.9675,0.9675,0.55%,开放申购,开放赎回
2019-07-08,0.9379,0.9379,-3.06%,开放申购,开放赎回
2019-07-09,0.9384,0.9384,0.05%,开放申购,开放赎回
2019-07-10,0.9326,0.9326,-0.62%,开放申购,开放赎回
2019-07-11,0.9273,0.9273,-0.57%,开放申购,开放赎回
2019-07-12,0.9307,0.9307,0.37%,开放申购,开放赎回
2019-07-15,0.9423,0.9423,1.25%,开放申购,开放赎回
2019-07-16,0.9462,0.9462,0.41%,开放申购,开放赎回
2019-07-17,0.9479,0.9479,0.18%,开放申购,开放赎回
2019-07-18,0.9299,0.9299,-1.90%,开放申购,开放赎回
2019-07-19,0.9354,0.9354,0.59%,开放申购,开放赎回
2019-07-22,0.9172,0.9172,-1.95%,开放申购,开放赎回
2019-07-23,0.9324,0.9324,1.66%,开放申购,开放赎回
2019-07-24,0.9429,0.9429,1.13%,开放申购,开放赎回
2019-07-25,0.9511,0.9511,0.87%,开放申购,开放赎回
2019-07-26,0.9508,0.9508,-0.03%,开放申购,开放赎回
2019-07-29,0.9472,0.9472,-0.38%,开放申购,开放赎回
2019-07-30,0.9475,0.9475,0.03%,开放申购,开放赎回
2019-07-31,0.9470,0.9470,-0.05%,开放申购,开放赎回
2019-08-01,0.9438,0.9438,-0.34%,开放申购,开放赎回
2019-08-02,0.9308,0.9308,-1.38%,开放申购,开放赎回
2019-08-05,0.9236,0.9236,-0.77%,开放申购,开放赎回
2019-08-06,0.9068,0.9068,-1.82%,开放申购,开放赎回
2019-08-07,0.9019,0.9019,-0.54%,开放申购,开放赎回
2019-08-08,0.9120,0.9120,1.12%,开放申购,开放赎回
2019-08-09,0.9010,0.9010,-1.21%,开放申购,开放赎回
2019-08-12,0.9255,0.9255,2.72%,开放申购,开放赎回
2019-08-13,0.9277,0.9277,0.24%,开放申购,开放赎回
2019-08-14,0.9310,0.9310,0.36%,开放申购,开放赎回
2019-08-15,0.9393,0.9393,0.89%,开放申购,开放赎回
2019-08-16,0.9459,0.9459,0.70%,开放申购,开放赎回
2019-08-19,0.9755,0.9755,3.13%,开放申购,开放赎回
2019-08-20,0.9760,0.9760,0.05%,开放申购,开放赎回
2019-08-21,0.9776,0.9776,0.16%,开放申购,开放赎回
2019-08-22,0.9718,0.9718,-0.59%,开放申购,开放赎回
2019-08-23,0.9633,0.9633,-0.87%,开放申购,开放赎回
2019-08-26,0.9516,0.9516,-1.21%,开放申购,开放赎回
2019-08-27,0.9697,0.9697,1.90%,开放申购,开放赎回
2019-08-28,0.9697,0.9697,0.00%,开放申购,开放赎回
2019-08-29,0.9757,0.9757,0.62%,开放申购,开放赎回
2019-08-30,0.9668,0.9668,-0.91%,开放申购,开放赎回
2019-09-02,1.0000,1.0000,3.43%,开放申购,开放赎回
2019-09-03,1.0174,1.0174,1.74%,开放申购,开放赎回
2019-09-04,1.0211,1.0211,0.36%,开放申购,开放赎回
2019-09-05,1.0269,1.0269,0.57%,开放申购,开放赎回
2019-09-06,1.0296,1.0296,0.26%,开放申购,开放赎回
2019-09-09,1.0607,1.0607,3.02%,开放申购,开放赎回
2019-09-10,1.0587,1.0587,-0.19%,开放申购,开放赎回
2019-09-11,1.0407,1.0407,-1.70%,开放申购,开放赎回
2019-09-12,1.0481,1.0481,0.71%,开放申购,开放赎回
2019-09-16,1.0489,1.0489,0.08%,开放申购,开放赎回
2019-09-17,1.0279,1.0279,-2.00%,开放申购,开放赎回
2019-09-18,1.0267,1.0267,-0.12%,开放申购,开放赎回
2019-09-19,1.0393,1.0393,1.23%,开放申购,开放赎回
2019-09-20,1.0384,1.0384,-0.09%,开放申购,开放赎回
2019-09-23,1.0397,1.0397,0.13%,开放申购,开放赎回
2019-09-24,1.0450,1.0450,0.51%,开放申购,开放赎回
2019-09-25,1.0244,1.0244,-1.97%,开放申购,开放赎回
2019-09-26,1.0008,1.0008,-2.30%,开放申购,开放赎回
2019-09-27,1.0151,1.0151,1.43%,开放申购,开放赎回
2019-09-30,0.9930,0.9930,-2.18%,开放申购,开放赎回
2019-10-08,0.9834,0.9834,-0.97%,开放申购,开放赎回
2019-10-09,0.9904,0.9904,0.71%,开放申购,开放赎回
2019-10-10,1.0115,1.0115,2.13%,开放申购,开放赎回
2019-10-11,1.0061,1.0061,-0.53%,开放申购,开放赎回
2019-10-14,1.0202,1.0202,1.40%,开放申购,开放赎回
2019-10-15,1.0003,1.0003,-1.95%,开放申购,开放赎回
2019-10-16,0.9996,0.9996,-0.07%,开放申购,开放赎回
2019-10-17,1.0026,1.0026,0.30%,开放申购,开放赎回
2019-10-18,0.9867,0.9867,-1.59%,开放申购,开放赎回
2019-10-21,0.9831,0.9831,-0.36%,开放申购,开放赎回
2019-10-22,1.0025,1.0025,1.97%,开放申购,开放赎回
2019-10-23,0.9888,0.9888,-1.37%,开放申购,开放赎回
2019-10-24,0.9778,0.9778,-1.11%,开放申购,开放赎回
2019-10-25,0.9969,0.9969,1.95%,开放申购,开放赎回
2019-10-28,1.0247,1.0247,2.79%,开放申购,开放赎回
2019-10-29,1.0086,1.0086,-1.57%,开放申购,开放赎回
2019-10-30,1.0129,1.0129,0.43%,开放申购,开放赎回
2019-10-31,1.0022,1.0022,-1.06%,开放申购,开放赎回
2019-11-01,1.0128,1.0128,1.06%,开放申购,开放赎回
2019-11-04,1.0351,1.0351,2.20%,开放申购,开放赎回
2019-11-05,1.0444,1.0444,0.90%,开放申购,开放赎回
2019-11-06,1.0359,1.0359,-0.81%,开放申购,开放赎回
2019-11-07,1.0338,1.0338,-0.20%,开放申购,开放赎回
2019-11-08,1.0337,1.0337,-0.01%,开放申购,开放赎回
2019-11-11,1.0103,1.0103,-2.26%,开放申购,开放赎回
2019-11-12,1.0075,1.0075,-0.28%,开放申购,开放赎回
2019-11-13,1.0195,1.0195,1.19%,开放申购,开放赎回
2019-11-14,1.0408,1.0408,2.09%,开放申购,开放赎回
2019-11-15,1.0364,1.0364,-0.42%,开放申购,开放赎回
2019-11-18,1.0298,1.0298,-0.64%,开放申购,开放赎回
2019-11-19,1.0504,1.0504,2.00%,开放申购,开放赎回
2019-11-20,1.0422,1.0422,-0.78%,开放申购,开放赎回
2019-11-21,1.0469,1.0469,0.45%,开放申购,开放赎回
2019-11-22,1.0250,1.0250,-2.09%,开放申购,开放赎回
2019-11-25,1.0047,1.0047,-1.98%,开放申购,开放赎回
2019-11-26,1.0218,1.0218,1.70%,开放申购,开放赎回
2019-11-27,1.0374,1.0374,1.53%,开放申购,开放赎回
2019-11-28,1.0353,1.0353,-0.20%,开放申购,开放赎回
2019-11-29,1.0330,1.0330,-0.22%,开放申购,开放赎回
2019-12-02,1.0434,1.0434,1.01%,开放申购,开放赎回
2019-12-03,1.0591,1.0591,1.50%,开放申购,开放赎回
2019-12-04,1.0605,1.0605,0.13%,开放申购,开放赎回
2019-12-05,1.0791,1.0791,1.75%,开放申购,开放赎回
2019-12-06,1.0846,1.0846,0.51%,开放申购,开放赎回
2019-12-09,1.0945,1.0945,0.91%,开放申购,开放赎回
2019-12-10,1.1101,1.1101,1.43%,开放申购,开放赎回
2019-12-11,1.0982,1.0982,-1.07%,开放申购,开放赎回
2019-12-12,1.1031,1.1031,0.45%,开放申购,开放赎回
2019-12-13,1.1140,1.1140,0.99%,开放申购,开放赎回
2019-12-16,1.1556,1.1556,3.73%,开放申购,开放赎回
2019-12-17,1.1767,1.1767,1.83%,开放申购,开放赎回
2019-12-18,1.1783,1.1783,0.14%,开放申购,开放赎回
2019-12-19,1.1685,1.1685,-0.83%,开放申购,开放赎回
2019-12-20,1.1583,1.1583,-0.87%,开放申购,开放赎回
2019-12-23,1.1375,1.1375,-1.80%,开放申购,开放赎回
2019-12-24,1.1630,1.1630,2.24%,开放申购,开放赎回
2019-12-25,1.1782,1.1782,1.31%,开放申购,开放赎回
2019-12-26,1.1820,1.1820,0.32%,开放申购,开放赎回
2019-12-27,1.1696,1.1696,-1.05%,开放申购,开放赎回
2019-12-30,1.1884,1.1884,1.61%,开放申购,开放赎回
2019-12-31,1.1886,1.1886,0.02%,开放申购,开放赎回
2020-01-02,1.2156,1.2156,2.27%,开放申购,开放赎回
2020-01-03,1.2234,1.2234,0.64%,开放申购,开放赎回
2020-01-06,1.2323,1.2323,0.73%,开放申购,开放赎回
2020-01-07,1.2408,1.2408,0.69%,开放申购,开放赎回
2020-01-08,1.2301,1.2301,-0.86%,开放申购,开放赎回
2020-01-09,1.2504,1.2504,1.65%,开放申购,开放赎回
2020-01-10,1.2642,1.2642,1.10%,开放申购,开放赎回
2020-01-13,1.2952,1.2952,2.45%,开放申购,开放赎回
2020-01-14,1.2892,1.2892,-0.46%,开放申购,开放赎回
2020-01-15,1.2933,1.2933,0.32%,开放申购,开放赎回
2020-01-16,1.2970,1.2970,0.29%,开放申购,开放赎回
2020-01-17,1.3049,1.3049,0.61%,开放申购,开放赎回
2020-01-20,1.3377,1.3377,2.51%,开放申购,开放赎回
2020-01-21,1.3248,1.3248,-0.96%,开放申购,开放赎回
2020-01-22,1.3669,1.3669,3.18%,开放申购,开放赎回
2020-01-23,1.3354,1.3354,-2.30%,开放申购,开放赎回
2020-02-03,1.2379,1.2379,-7.30%,开放申购,开放赎回
2020-02-04,1.3144,1.3144,6.18%,开放申购,开放赎回
2020-02-05,1.3223,1.3223,0.60%,开放申购,开放赎回
2020-02-06,1.3613,1.3613,2.95%,开放申购,开放赎回
2020-02-07,1.3846,1.3846,1.71%,开放申购,开放赎回
2020-02-10,1.3954,1.3954,0.78%,开放申购,开放赎回
2020-02-11,1.3952,1.3952,-0.01%,开放申购,开放赎回
2020-02-12,1.4394,1.4394,3.17%,开放申购,开放赎回
2020-02-13,1.4282,1.4282,-0.78%,开放申购,开放赎回
2020-02-14,1.4203,1.4203,-0.55%,开放申购,开放赎回
2020-02-17,1.4687,1.4687,3.41%,开放申购,开放赎回
2020-02-18,1.4967,1.4967,1.91%,开放申购,开放赎回
2020-02-19,1.4747,1.4747,-1.47%,开放申购,开放赎回
2020-02-20,1.4940,1.4940,1.31%,开放申购,开放赎回
2020-02-21,1.5108,1.5108,1.12%,开放申购,开放赎回
2020-02-24,1.5336,1.5336,1.51%,开放申购,开放赎回
2020-02-25,1.5481,1.5481,0.95%,开放申购,开放赎回
2020-02-26,1.4814,1.4814,-4.31%,开放申购,开放赎回
2020-02-27,1.4838,1.4838,0.16%,开放申购,开放赎回
2020-02-28,1.4098,1.4098,-4.99%,开放申购,开放赎回
2020-03-02,1.4597,1.4597,3.54%,开放申购,开放赎回
2020-03-03,1.4781,1.4781,1.26%,开放申购,开放赎回
2020-03-04,1.4801,1.4801,0.14%,开放申购,开放赎回
2020-03-05,1.4982,1.4982,1.22%,开放申购,开放赎回
2020-03-06,1.4831,1.4831,-1.01%,开放申购,开放赎回
2020-03-09,1.4171,1.4171,-4.45%,开放申购,开放赎回
2020-03-10,1.4597,1.4597,3.01%,开放申购,开放赎回
2020-03-11,1.4424,1.4424,-1.19%,开放申购,开放赎回
2020-03-12,1.4120,1.4120,-2.11%,开放申购,开放赎回
2020-03-13,1.4046,1.4046,-0.52%,开放申购,开放赎回
2020-03-16,1.3368,1.3368,-4.83%,开放申购,开放赎回
2020-03-17,1.3361,1.3361,-0.05%,开放申购,开放赎回
2020-03-18,1.3052,1.3052,-2.31%,开放申购,开放赎回
2020-03-19,1.3088,1.3088,0.28%,开放申购,开放赎回
2020-03-20,1.3257,1.3257,1.29%,开放申购,开放赎回
2020-03-23,1.2918,1.2918,-2.56%,开放申购,开放赎回
2020-03-24,1.3117,1.3117,1.54%,开放申购,开放赎回
2020-03-25,1.3272,1.3272,1.18%,开放申购,开放赎回
2020-03-26,1.3116,1.3116,-1.18%,开放申购,开放赎回
2020-03-27,1.3118,1.3118,0.02%,开放申购,开放赎回
2020-03-30,1.2982,1.2982,-1.04%,开放申购,开放赎回
2020-03-31,1.2945,1.2945,-0.29%,开放申购,开放赎回
2020-04-01,1.2877,1.2877,-0.53%,开放申购,开放赎回
2020-04-02,1.3128,1.3128,1.95%,开放申购,开放赎回
2020-04-03,1.3008,1.3008,-0.91%,开放申购,开放赎回
2020-04-07,1.3463,1.3463,3.50%,开放申购,开放赎回
2020-04-08,1.3497,1.3497,0.25%,开放申购,开放赎回
2020-04-09,1.3641,1.3641,1.07%,开放申购,开放赎回
2020-04-10,1.3357,1.3357,-2.08%,开放申购,开放赎回
2020-04-13,1.3307,1.3307,-0.37%,开放申购,开放赎回
2020-04-14,1.3624,1.3624,2.38%,开放申购,开放赎回
2020-04-15,1.3567,1.3567,-0.42%,开放申购,开放赎回
2020-04-16,1.3680,1.3680,0.83%,开放申购,开放赎回
2020-04-17,1.3674,1.3674,-0.04%,开放申购,开放赎回
2020-04-20,1.3845,1.3845,1.25%,开放申购,开放赎回
2020-04-21,1.3799,1.3799,-0.33%,开放申购,开放赎回
2020-04-22,1.3869,1.3869,0.51%,开放申购,开放赎回
2020-04-23,1.3865,1.3865,-0.03%,开放申购,开放赎回
2020-04-24,1.3668,1.3668,-1.42%,开放申购,开放赎回
2020-04-27,1.3618,1.3618,-0.37%,开放申购,开放赎回
2020-04-28,1.3554,1.3554,-0.47%,开放申购,开放赎回
2020-04-29,1.3611,1.3611,0.42%,开放申购,开放赎回
2020-04-30,1.3952,1.3952,2.51%,开放申购,开放赎回
2020-05-06,1.4287,1.4287,2.40%,开放申购,开放赎回
2020-05-07,1.4309,1.4309,0.15%,开放申购,开放赎回
2020-05-08,1.4450,1.4450,0.99%,开放申购,开放赎回
2020-05-11,1.4382,1.4382,-0.47%,开放申购,开放赎回
2020-05-12,1.4473,1.4473,0.63%,开放申购,开放赎回
2020-05-13,1.4554,1.4554,0.56%,开放申购,开放赎回
2020-05-14,1.4436,1.4436,-0.81%,开放申购,开放赎回
2020-05-15,1.4550,1.4550,0.79%,开放申购,开放赎回
2020-05-18,1.4620,1.4620,0.48%,开放申购,开放赎回
2020-05-19,1.4794,1.4794,1.19%,开放申购,开放赎回
2020-05-20,1.4576,1.4576,-1.47%,开放申购,开放赎回
2020-05-21,1.4302,1.4302,-1.88%,开放申购,开放赎回
2020-05-22,1.3982,1.3982,-2.24%,开放申购,开放赎回
2020-05-25,1.3926,1.3926,-0.40%,开放申购,开放赎回
2020-05-26,1.4275,1.4275,2.51%,开放申购,开放赎回
2020-05-27,1.4140,1.4140,-0.95%,开放申购,开放赎回
2020-05-28,1.4134,1.4134,-0.04%,开放申购,开放赎回
2020-05-29,1.4266,1.4266,0.93%,开放申购,开放赎回
2020-06-01,1.4743,1.4743,3.34%,开放申购,开放赎回
2020-06-02,1.4658,1.4658,-0.58%,开放申购,开放赎回
2020-06-03,1.4623,1.4623,-0.24%,开放申购,开放赎回
2020-06-04,1.4587,1.4587,-0.25%,开放申购,开放赎回
2020-06-05,1.4515,1.4515,-0.49%,开放申购,开放赎回
2020-06-08,1.4464,1.4464,-0.35%,开放申购,开放赎回
2020-06-09,1.4546,1.4546,0.57%,开放申购,开放赎回
2020-06-10,1.4613,1.4613,0.46%,开放申购,开放赎回
2020-06-11,1.4623,1.4623,0.07%,开放申购,开放赎回
2020-06-12,1.4534,1.4534,-0.61%,开放申购,开放赎回
2020-06-15,1.4403,1.4403,-0.90%,开放申购,开放赎回
2020-06-16,1.4700,1.4700,2.06%,开放申购,开放赎回
2020-06-17,1.4785,1.4785,0.58%,开放申购,开放赎回
2020-06-18,1.4810,1.4810,0.17%,开放申购,开放赎回
2020-06-19,1.4928,1.4928,0.80%,开放申购,开放赎回
2020-06-22,1.5020,1.5020,0.62%,开放申购,开放赎回
2020-06-23,1.5144,1.5144,0.83%,开放申购,开放赎回
2020-06-24,1.5132,1.5132,-0.08%,开放申购,开放赎回
2020-06-29,1.5100,1.5100,-0.21%,开放申购,开放赎回
2020-06-30,1.5385,1.5385,1.89%,开放申购,开放赎回
2020-07-01,1.5384,1.5384,-0.01%,开放申购,开放赎回
2020-07-02,1.5605,1.5605,1.44%,开放申购,开放赎回
2020-07-03,1.5726,1.5726,0.78%,开放申购,开放赎回
2020-07-06,1.6382,1.6382,4.17%,开放申购,开放赎回
2020-07-07,1.6764,1.6764,2.33%,开放申购,开放赎回
2020-07-08,1.7481,1.7481,4.28%,开放申购,开放赎回
2020-07-09,1.7987,1.7987,2.89%,开放申购,开放赎回
2020-07-10,1.7821,1.7821,-0.92%,开放申购,开放赎回
2020-07-13,1.8455,1.8455,3.56%,开放申购,开放赎回
2020-07-14,1.8164,1.8164,-1.58%,开放申购,开放赎回
2020-07-15,1.7763,1.7763,-2.21%,开放申购,开放赎回
2020-07-16,1.6968,1.6968,-4.48%,开放申购,开放赎回
2020-07-17,1.7272,1.7272,1.79%,开放申购,开放赎回
2020-07-20,1.8415,1.8415,6.62%,开放申购,开放赎回
2020-07-21,1.8284,1.8284,-0.71%,开放申购,开放赎回
2020-07-22,1.8408,1.8408,0.68%,开放申购,开放赎回
2020-07-23,1.9015,1.9015,3.30%,开放申购,开放赎回
2020-07-24,1.8185,1.8185,-4.37%,开放申购,开放赎回
2020-07-27,1.8345,1.8345,0.88%,开放申购,开放赎回
2020-07-28,1.8584,1.8584,1.30%,开放申购,开放赎回
2020-07-29,1.9046,1.9046,2.49%,开放申购,开放赎回
2020-07-30,1.8851,1.8851,-1.02%,开放申购,开放赎回
2020-07-31,1.8883,1.8883,0.17%,开放申购,开放赎回
2020-08-03,1.9899,1.9899,5.38%,开放申购,开放赎回
2020-08-04,1.9645,1.9645,-1.28%,开放申购,开放赎回
2020-08-05,2.0275,2.0275,3.21%,开放申购,开放赎回
2020-08-06,2.0875,2.0875,2.96%,开放申购,开放赎回
2020-08-07,2.1262,2.1262,1.85%,开放申购,开放赎回
2020-08-10,2.1022,2.1022,-1.13%,开放申购,开放赎回
2020-08-11,2.0898,2.0898,-0.59%,开放申购,开放赎回
2020-08-12,2.0253,2.0253,-3.09%,开放申购,开放赎回
2020-08-13,2.0610,2.0610,1.76%,开放申购,开放赎回
2020-08-14,2.0946,2.0946,1.63%,开放申购,开放赎回
2020-08-17,2.1374,2.1374,2.04%,开放申购,开放赎回
2020-08-18,2.1497,2.1497,0.58%,开放申购,开放赎回
2020-08-19,2.0713,2.0713,-3.65%,开放申购,开放赎回
2020-08-20,2.0244,2.0244,-2.26%,开放申购,开放赎回
2020-08-21,2.0177,2.0177,-0.33%,开放申购,开放赎回
2020-08-24,2.0428,2.0428,1.24%,开放申购,开放赎回
2020-08-25,1.9908,1.9908,-2.55%,开放申购,开放赎回
2020-08-26,1.9302,1.9302,-3.04%,开放申购,开放赎回
2020-08-27,1.9675,1.9675,1.93%,开放申购,开放赎回
2020-08-28,1.9983,1.9983,1.57%,开放申购,开放赎回
2020-08-31,2.0203,2.0203,1.10%,开放申购,开放赎回
2020-09-01,2.0564,2.0564,1.79%,开放申购,开放赎回
2020-09-02,2.0495,2.0495,-0.34%,开放申购,开放赎回
2020-09-03,2.0124,2.0124,-1.81%,开放申购,开放赎回
2020-09-04,1.9954,1.9954,-0.84%,开放申购,开放赎回
2020-09-07,1.9664,1.9664,-1.45%,开放申购,开放赎回
2020-09-08,1.9572,1.9572,-0.47%,开放申购,开放赎回
2020-09-09,1.9075,1.9075,-2.54%,开放申购,开放赎回
2020-09-10,1.8483,1.8483,-3.10%,开放申购,开放赎回
2020-09-11,1.8681,1.8681,1.07%,开放申购,开放赎回
2020-09-14,1.8833,1.8833,0.81%,开放申购,开放赎回
2020-09-15,1.9019,1.9019,0.99%,开放申购,开放赎回
2020-09-16,1.8776,1.8776,-1.28%,开放申购,开放赎回
2020-09-17,1.9274,1.9274,2.65%,开放申购,开放赎回
2020-09-18,1.9759,1.9759,2.52%,开放申购,开放赎回
2020-09-21,2.0168,2.0168,2.07%,开放申购,开放赎回
2020-09-22,1.9856,1.9856,-1.55%,开放申购,开放赎回
2020-09-23,1.9890,1.9890,0.17%,开放申购,开放赎回
2020-09-24,1.9379,1.9379,-2.57%,开放申购,开放赎回
2020-09-25,1.9352,1.9352,-0.14%,开放申购,开放赎回
2020-09-28,1.9136,1.9136,-1.12%,开放申购,开放赎回
2020-09-29,1.9904,1.9904,4.01%,开放申购,开放赎回
2020-09-30,1.9749,1.9749,-0.78%,开放申购,开放赎回
2020-10-09,2.0351,2.0351,3.05%,开放申购,开放赎回
2020-10-12,2.0862,2.0862,2.51%,开放申购,开放赎回
2020-10-13,2.1072,2.1072,1.01%,开放申购,开放赎回
2020-10-14,2.0922,2.0922,-0.71%,开放申购,开放赎回
2020-10-15,2.0565,2.0565,-1.71%,开放申购,开放赎回
2020-10-16,2.0396,2.0396,-0.82%,开放申购,开放赎回
2020-10-19,2.0148,2.0148,-1.22%,开放申购,开放赎回
2020-10-20,2.0326,2.0326,0.88%,开放申购,开放赎回
2020-10-21,1.9539,1.9539,-3.87%,开放申购,开放赎回
2020-10-22,1.9277,1.9277,-1.34%,开放申购,开放赎回
2020-10-23,1.8884,1.8884,-2.04%,开放申购,开放赎回
2020-10-26,1.9312,1.9312,2.27%,开放申购,开放赎回
2020-10-27,1.9649,1.9649,1.75%,开放申购,开放赎回
2020-10-28,1.9538,1.9538,-0.56%,开放申购,开放赎回
2020-10-29,1.9507,1.9507,-0.16%,开放申购,开放赎回
2020-10-30,1.9115,1.9115,-2.01%,开放申购,开放赎回
2020-11-02,1.9084,1.9084,-0.16%,开放申购,开放赎回
2020-11-03,1.9575,1.9575,2.57%,开放申购,开放赎回
2020-11-04,1.9826,1.9826,1.28%,开放申购,开放赎回
2020-11-05,1.9764,1.9764,-0.31%,开放申购,开放赎回
2020-11-06,1.9406,1.9406,-1.81%,开放申购,开放赎回
2020-11-09,1.9777,1.9777,1.91%,开放申购,开放赎回
2020-11-10,1.9231,1.9231,-2.76%,开放申购,开放赎回
2020-11-11,1.8946,1.8946,-1.48%,开放申购,开放赎回
2020-11-12,1.8976,1.8976,0.16%,开放申购,开放赎回
2020-11-13,1.9495,1.9495,2.74%,开放申购,开放赎回
2020-11-16,1.9699,1.9699,1.05%,开放申购,开放赎回
2020-11-17,1.9394,1.9394,-1.55%,开放申购,开放赎回
2020-11-18,1.9452,1.9452,0.30%,开放申购,开放赎回
2020-11-19,2.0122,2.0122,3.44%,开放申购,开放赎回
2020-11-20,2.0436,2.0436,1.56%,开放申购,开放赎回
2020-11-23,2.0527,2.0527,0.45%,开放申购,开放赎回
2020-11-24,2.0660,2.0660,0.65%,开放申购,开放赎回
2020-11-25,2.0122,2.0122,-2.60%,开放申购,开放赎回
2020-11-26,2.0308,2.0308,0.92%,开放申购,开放赎回
2020-11-27,2.0421,2.0421,0.56%,开放申购,开放赎回
2020-11-30,2.0424,2.0424,0.01%,开放申购,开放赎回
2020-12-01,2.0927,2.0927,2.46%,开放申购,开放赎回
2020-12-02,2.0802,2.0802,-0.60%,开放申购,开放赎回
2020-12-03,2.0546,2.0546,-1.23%,开放申购,开放赎回
2020-12-04,2.0845,2.0845,1.46%,开放申购,开放赎回
2020-12-07,2.0987,2.0987,0.68%,开放申购,开放赎回
2020-12-08,2.1017,2.1017,0.14%,开放申购,开放赎回
2020-12-09,2.0724,2.0724,-1.39%,开放申购,开放赎回
2020-12-10,2.1068,2.1068,1.66%,开放申购,开放赎回
2020-12-11,2.0669,2.0669,-1.89%,开放申购,开放赎回
2020-12-14,2.1133,2.1133,2.24%,开放申购,开放赎回
2020-12-15,2.1105,2.1105,-0.13%,开放申购,开放赎回
2020-12-16,2.0924,2.0924,-0.86%,开放申购,开放赎回
2020-12-17,2.0831,2.0831,-0.44%,开放申购,开放赎回
2020-12-18,2.0851,2.0851,0.10%,开放申购,开放赎回
2020-12-21,2.1579,2.1579,3.49%,开放申购,开放赎回
2020-12-22,2.1284,2.1284,-1.37%,开放申购,开放赎回
2020-12-23,2.2269,2.2269,4.63%,开放申购,开放赎回
2020-12-24,2.2689,2.2689,1.89%,开放申购,开放赎回
2020-12-25,2.3052,2.3052,1.60%,开放申购,开放赎回
2020-12-28,2.3154,2.3154,0.44%,开放申购,开放赎回
2020-12-29,2.2732,2.2732,-1.82%,开放申购,开放赎回
2020-12-30,2.3591,2.3591,3.78%,开放申购,开放赎回
2020-12-31,2.4486,2.4486,3.79%,开放申购,开放赎回
2021-01-04,2.5698,2.5698,4.95%,开放申购,开放赎回
2021-01-05,2.5880,2.5880,0.71%,开放申购,开放赎回
2021-01-06,2.6064,2.6064,0.71%,开放申购,开放赎回
2021-01-07,2.6493,2.6493,1.65%,开放申购,开放赎回
2021-01-08,2.5717,2.5717,-2.93%,开放申购,开放赎回
2021-01-11,2.5308,2.5308,-1.59%,开放申购,开放赎回
2021-01-12,2.6003,2.6003,2.75%,开放申购,开放赎回
2021-01-13,2.5590,2.5590,-1.59%,开放申购,开放赎回
2021-01-14,2.4560,2.4560,-4.03%,开放申购,开放赎回
2021-01-15,2.4565,2.4565,0.02%,开放申购,开放赎回
2021-01-18,2.5013,2.5013,1.82%,开放申购,开放赎回
2021-01-19,2.4275,2.4275,-2.95%,开放申购,开放赎回
2021-01-20,2.4724,2.4724,1.85%,开放申购,开放赎回
2021-01-21,2.5024,2.5024,1.21%,开放申购,开放赎回
2021-01-22,2.5099,2.5099,0.30%,开放申购,开放赎回
2021-01-25,2.5505,2.5505,1.62%,开放申购,开放赎回
2021-01-26,2.4067,2.4067,-5.64%,开放申购,开放赎回
2021-01-27,2.4010,2.4010,-0.24%,开放申购,开放赎回
2021-01-28,2.3628,2.3628,-1.59%,开放申购,开放赎回
2021-01-29,2.3094,2.3094,-2.26%,开放申购,开放赎回
2021-02-01,2.3125,2.3125,0.13%,开放申购,开放赎回
2021-02-02,2.3477,2.3477,1.52%,开放申购,开放赎回
2021-02-03,2.2926,2.2926,-2.35%,开放申购,开放赎回
2021-02-04,2.2423,2.2423,-2.19%,开放申购,开放赎回
2021-02-05,2.1921,2.1921,-2.24%,开放申购,开放赎回
2021-02-08,2.2153,2.2153,1.06%,开放申购,开放赎回
2021-02-09,2.3156,2.3156,4.53%,开放申购,开放赎回
2021-02-10,2.3169,2.3169,0.06%,开放申购,开放赎回
2021-02-18,2.3257,2.3257,0.38%,开放申购,开放赎回
2021-02-19,2.3404,2.3404,0.63%,开放申购,开放赎回
2021-02-22,2.2793,2.2793,-2.61%,开放申购,开放赎回
2021-02-23,2.3444,2.3444,2.86%,开放申购,开放赎回
2021-02-24,2.3321,2.3321,-0.52%,开放申购,开放赎回
2021-02-25,2.3870,2.3870,2.35%,开放申购,开放赎回
2021-02-26,2.3162,2.3162,-2.97%,开放申购,开放赎回
2021-03-01,2.3731,2.3731,2.46%,开放申购,开放赎回
2021-03-02,2.3755,2.3755,0.10%,开放申购,开放赎回
2021-03-03,2.3898,2.3898,0.60%,开放申购,开放赎回
2021-03-04,2.3267,2.3267,-2.64%,开放申购,开放赎回
2021-03-05,2.2726,2.2726,-2.33%,开放申购,开放赎回
2021-03-08,2.1478,2.1478,-5.49%,开放申购,开放赎回
2021-03-09,2.0547,2.0547,-4.33%,开放申购,开放赎回
2021-03-10,2.0339,2.0339,-1.01%,开放申购,开放赎回
2021-03-11,2.0788,2.0788,2.21%,开放申购,开放赎回
2021-03-12,2.0616,2.0616,-0.83%,开放申购,开放赎回
2021-03-15,2.0462,2.0462,-0.75%,开放申购,开放赎回
2021-03-16,2.0379,2.0379,-0.41%,开放申购,开放赎回
2021-03-17,2.0728,2.0728,1.71%,开放申购,开放赎回
2021-03-18,2.0907,2.0907,0.86%,开放申购,开放赎回
2021-03-19,2.1161,2.1161,1.21%,开放申购,开放赎回
2021-03-22,2.1251,2.1251,0.43%,开放申购,开放赎回
2021-03-23,2.0980,2.0980,-1.28%,开放申购,开放赎回
2021-03-24,2.0344,2.0344,-3.03%,开放申购,开放赎回
2021-03-25,2.0519,2.0519,0.86%,开放申购,开放赎回
2021-03-26,2.0931,2.0931,2.01%,开放申购,开放赎回
2021-03-29,2.1116,2.1116,0.88%,开放申购,开放赎回
2021-03-30,2.1729,2.1729,2.90%,开放申购,开放赎回
2021-03-31,2.0867,2.0867,-3.97%,开放申购,开放赎回
2021-04-01,2.0977,2.0977,0.53%,开放申购,开放赎回
2021-04-02,2.1058,2.1058,0.39%,开放申购,开放赎回
2021-04-06,2.1169,2.1169,0.53%,开放申购,开放赎回
2021-04-07,2.1163,2.1163,-0.03%,开放申购,开放赎回
